{"chunk_definitions":[{"row":268,"row_count":1,"visible":true,"expansion_state":0,"options":{"engine":"r","label":"group-by-island"},"document_id":"C277F7F4","chunk_id":"crtxwer8jj50c","chunk_label":"group-by-island"},{"row":280,"row_count":1,"visible":true,"expansion_state":0,"options":{"engine":"r","label":"unnamed-chunk-6"},"document_id":"C277F7F4","chunk_id":"csaumtj8clphm","chunk_label":"mean-exp"},{"row":288,"row_count":1,"visible":true,"expansion_state":0,"options":{"engine":"r","label":"mean-exp-with-cname"},"document_id":"C277F7F4","chunk_id":"cxub5fu2ql559","chunk_label":"mean-exp-with-cname"},{"row":303,"row_count":1,"visible":true,"expansion_state":0,"options":{"engine":"r","label":"summarize-practice"},"document_id":"C277F7F4","chunk_id":"cz31epvp0mvai","chunk_label":"summarize-practice"},{"row":310,"row_count":1,"visible":true,"expansion_state":0,"options":{"engine":"r","label":"try-without-grouping"},"document_id":"C277F7F4","chunk_id":"coxfykfshc62g","chunk_label":"try-without-grouping"},{"row":320,"row_count":1,"visible":true,"expansion_state":0,"options":{"engine":"r","label":"alt-group"},"document_id":"C277F7F4","chunk_id":"cdtxib4ilxtws","chunk_label":"alt-group"},{"row":341,"row_count":1,"visible":true,"expansion_state":0,"options":{"engine":"r","label":"qplot-strip"},"document_id":"C277F7F4","chunk_id":"cvh2yerfwakwi","chunk_label":"qplot-strip"},{"row":362,"row_count":1,"visible":true,"expansion_state":0,"options":{"engine":"r","label":"unnamed-chunk-9"},"document_id":"C277F7F4","chunk_id":"c7pfp5ddgbnoe","chunk_label":"qplot-box"},{"row":369,"row_count":1,"visible":true,"expansion_state":0,"options":{"engine":"r","label":"unnamed-chunk-16"},"document_id":"C277F7F4","chunk_id":"czvwhiuxjrbdc","chunk_label":"qplot-histogram"},{"row":385,"row_count":1,"visible":true,"expansion_state":0,"options":{"engine":"r","label":"qplot-scatter"},"document_id":"C277F7F4","chunk_id":"cwbnhpukg9enx","chunk_label":"qplot-scatter"}],"doc_write_time":1655798157}