"Screen","GuideName","Guide","MatchType","MatchPos","Annotation","meanCS","pVal","log10pVal","ScaledCS"
"GFP","crRNA001:1-27","crRNA001","Perfect Match",27,"CDS",0.697828661730608,0.0371394871111111,1.43016409807476,1.08371271106332
"GFP","crRNA002:2-28","crRNA002","Perfect Match",28,"CDS",0.973333657987378,0.00530590323911111,2.27524067427515,1.62662808485677
"GFP","crRNA003:6-32","crRNA003","Perfect Match",32,"CDS",1.16688814749968,0.0527750542222222,1.27757131181661,2.00805023491112
"GFP","crRNA004:7-33","crRNA004","Perfect Match",33,"CDS",1.05458042652802,0.00993304166399999,2.00291774288251,1.78673450873681
"GFP","crRNA005:9-35","crRNA005","Perfect Match",35,"CDS",0.850456713824944,0.161383678222222,0.792140390409875,1.38448444689396
"GFP","crRNA006:10-36","crRNA006","Perfect Match",36,"CDS",0.957187295639277,0.0138888888888889,1.85733249643127,1.59480975680927
"GFP","crRNA007:11-37","crRNA007","Perfect Match",37,"CDS",0.985674966281834,0.136754064881778,0.86405975582094,1.65094810117887
"GFP","crRNA008:12-38","crRNA008","Perfect Match",38,"CDS",1.07410414690733,0.555658488,0.255192047169899,1.82520832261165
"GFP","crRNA009:14-40","crRNA009","Perfect Match",40,"CDS",-0.0804309370641288,0.600709793777778,0.221335287398453,-0.449940423104145
"GFP","crRNA010:15-41","crRNA010","Perfect Match",41,"CDS",0.786329261723887,0.0154435368888889,1.81125323020363,1.25811367285755
"GFP","crRNA011:16-42","crRNA011","Perfect Match",42,"CDS",-0.0688628129351242,0.365481686983111,0.437134379147798,-0.42714405817095
"GFP","crRNA012:20-46","crRNA012","Perfect Match",46,"CDS",0.047882725424794,0.597939472647111,0.223342775920912,-0.197083084836294
"GFP","crRNA013:21-47","crRNA013","Perfect Match",47,"CDS",0.725672983122942,0.168281758656,0.77396295796592,1.1385832591918
"GFP","crRNA014:22-48","crRNA014","Perfect Match",48,"CDS",0.108779028933384,0.434274771000889,0.362235400049139,-0.0770796735326654
"GFP","crRNA015:26-52","crRNA015","Perfect Match",52,"CDS",-0.0386724916713323,0.858834131960889,0.0660907040731074,-0.367650438176488
"GFP","crRNA016:27-53","crRNA016","Perfect Match",53,"CDS",-0.0564263826286317,0.295065650688,0.530081344837313,-0.402636592606831
"GFP","crRNA017:30-56","crRNA017","Perfect Match",56,"CDS",0.132830725243253,0.552465793159111,0.257694606877502,-0.0296829443631182
"GFP","crRNA018:31-57","crRNA018","Perfect Match",57,"CDS",0.00935790842480679,0.763074183168,0.117433239536026,-0.273000820289553
"GFP","crRNA019:33-59","crRNA019","Perfect Match",59,"CDS",-0.0439763867924971,0.754415575950222,0.122389353569509,-0.37810239455257
"GFP","crRNA020:37-63","crRNA020","Perfect Match",63,"CDS",0.519437522469483,0.137494396472889,0.861715000964574,0.732171746763965
"GFP","crRNA021:41-67","crRNA021","Perfect Match",67,"CDS",0.515322426736536,0.132785060103111,0.87685078550845,0.724062461021769
"GFP","crRNA022:42-68","crRNA022","Perfect Match",68,"CDS",0.161109291130911,0.432622700352,0.363890696226198,0.0260433342083668
"GFP","crRNA023:43-69","crRNA023","Perfect Match",69,"CDS",0.931106791636197,0.032748570624,1.48480765089835,1.54341502069945
"GFP","crRNA024:46-72","crRNA024","Perfect Match",72,"CDS",0.721759796040616,0.562797094641778,0.249648153213661,1.13087185846807
"GFP","crRNA025:47-73","crRNA025","Perfect Match",73,"CDS",0.421911671259923,0.228028488768,0.642010890973995,0.539985453653637
"GFP","crRNA026:49-75","crRNA026","Perfect Match",75,"CDS",1.15900964228877,0.007348368576,2.13380906868243,1.99252470303464
"GFP","crRNA027:52-78","crRNA027","Perfect Match",78,"CDS",0.656166589293797,0.0583519211591111,1.23394484081714,1.00161264051156
"GFP","crRNA028:53-79","crRNA028","Perfect Match",79,"CDS",0.878707363896394,0.0442986951111111,1.35360906642683,1.44015571402828
"GFP","crRNA029:54-80","crRNA029","Perfect Match",80,"CDS",0.587594687920705,0.159981623232,0.795929901014679,0.86648355039879
"GFP","crRNA030:56-82","crRNA030","Perfect Match",82,"CDS",0.745585022344693,0.0530531460551111,1.27528885730718,1.17782230154656
"GFP","crRNA031:57-83","crRNA031","Perfect Match",83,"CDS",1.26884057834211,0.00290502035911111,2.53685081961836,2.20895962984777
"GFP","crRNA032:59-85","crRNA032","Perfect Match",85,"CDS",0.428718501209959,0.263769744888889,0.578775020697734,0.553399121924205
"GFP","crRNA033:61-87","crRNA033","Perfect Match",87,"CDS",1.18621140394766,0.0368894645902222,1.43309764803152,2.04612901075875
"GFP","crRNA034:63-89","crRNA034","Perfect Match",89,"CDS",0.368807093223776,0.321380268999111,0.492980790073763,0.435336564427077
"GFP","crRNA035:64-90","crRNA035","Perfect Match",90,"CDS",0.303334026785511,0.259991543175111,0.585040778229626,0.30631409724247
"GFP","crRNA036:65-91","crRNA036","Perfect Match",91,"CDS",-0.0824499538084009,0.524593304064,0.280177257067463,-0.45391913581464
"GFP","crRNA037:68-94","crRNA037","Perfect Match",94,"CDS",0.240001118172061,0.208178256839111,0.681564632308236,0.181509065680531
"GFP","crRNA038:69-95","crRNA038","Perfect Match",95,"CDS",0.525459255058464,0.485508799601778,0.313802894316507,0.744038287276297
"GFP","crRNA039:70-96","crRNA039","Perfect Match",96,"CDS",0.752730887169737,1,0,1.19190407837557
"GFP","crRNA040:73-99","crRNA040","Perfect Match",99,"CDS",0.931277084916674,0.0258705982008889,1.5871935290592,1.54375060386956
"GFP","crRNA041:76-102","crRNA041","Perfect Match",102,"CDS",1.06582471282039,0.0158404310471111,1.80023300463827,1.80889271268376
"GFP","crRNA042:77-103","crRNA042","Perfect Match",103,"CDS",0.755455199664697,0.107680372792889,0.967863449576132,1.19727266027654
"GFP","crRNA043:78-104","crRNA043","Perfect Match",104,"CDS",1.14180542456425,0.002157969408,2.66595471629396,1.95862174510778
"GFP","crRNA044:84-110","crRNA044","Perfect Match",110,"CDS",0.361552973756848,0.461971968,0.335384376202027,0.421041458946453
"GFP","crRNA045:85-111","crRNA045","Perfect Match",111,"CDS",0.950577203577601,0.146610833393778,0.833833937544095,1.58178378395494
"GFP","crRNA046:87-113","crRNA046","Perfect Match",113,"CDS",0.314874041212376,0.313328247239111,0.504000450738845,0.329055068663199
"GFP","crRNA047:89-115","crRNA047","Perfect Match",115,"CDS",0.709264097998892,0.052728,1.27795870136788,1.1062475987802
"GFP","crRNA048:91-117","crRNA048","Perfect Match",117,"CDS",0.509561758544366,0.140279270456889,0.853006501397402,0.712710378963928
"GFP","crRNA049:92-118","crRNA049","Perfect Match",118,"CDS",0.80803522838176,0.0447334665671111,1.34936744538576,1.30088786266071
"GFP","crRNA050:93-119","crRNA050","Perfect Match",119,"CDS",1.06395634954168,0.00159826284088889,2.79635179763723,1.8052108805514
"GFP","crRNA051:94-120","crRNA051","Perfect Match",120,"CDS",1.11373032274762,0.0105909709368889,1.97506422372595,1.90329641669574
"GFP","crRNA052:96-122","crRNA052","Perfect Match",122,"CDS",0.511217384695243,0.166529446264889,0.77850896203965,0.715972987275132
"GFP","crRNA053:98-124","crRNA053","Perfect Match",124,"CDS",-0.0378355315049453,0.214285340352,0.669007538813531,-0.366001108589881
"GFP","crRNA054:100-126","crRNA054","Perfect Match",126,"CDS",0.578691441255084,0.0536253630648889,1.27062975445209,0.848938643565464
"GFP","crRNA055:103-129","crRNA055","Perfect Match",129,"CDS",-0.286829869119095,0.280429805568,0.552175829129813,-0.856674075377932
"GFP","crRNA056:104-130","crRNA056","Perfect Match",130,"CDS",-0.337470991978126,0.159133066183111,0.798239569135425,-0.956468433084269
"GFP","crRNA057:107-133","crRNA057","Perfect Match",133,"CDS",0.655249398254094,0.055450517952,1.25609439283953,0.999805206443485
"GFP","crRNA058:108-134","crRNA058","Perfect Match",134,"CDS",0.586833355563499,0.0871997768248889,1.0594846265794,0.864983254408121
"GFP","crRNA059:109-135","crRNA059","Perfect Match",135,"CDS",0.443806250301693,0.084505385016889,1.07311561520885,0.583131326599747
"GFP","crRNA060:113-139","crRNA060","Perfect Match",139,"CDS",1.13313323631338,0.0191590691271111,1.71762559561133,1.94153216637129
"GFP","crRNA061:114-140","crRNA061","Perfect Match",140,"CDS",0.739330558074937,0.245009856,0.610816444940289,1.16549713556761
"GFP","crRNA062:115-141","crRNA062","Perfect Match",141,"CDS",1.08827957098509,0.001803634752,2.74385140540337,1.85314268230175
"GFP","crRNA063:116-142","crRNA063","Perfect Match",142,"CDS",0.84304039826255,0.024580620288,1.60940716195987,1.36986971470967
"GFP","crRNA064:118-144","crRNA064","Perfect Match",144,"CDS",0.942274367571561,0.0124422408888889,1.90510139472278,1.56542205776118
"GFP","crRNA065:119-145","crRNA065","Perfect Match",145,"CDS",0.930742570494696,0.0368193208888889,1.43392422606905,1.5426972796063
"GFP","crRNA066:120-146","crRNA066","Perfect Match",146,"CDS",0.822901664836576,0.010287865536,1.98767472067907,1.33018394445416
"GFP","crRNA067:121-147","crRNA067","Perfect Match",147,"CDS",0.374027073081747,0.240523497984,0.61884248874429,0.445623155793077
"GFP","crRNA068:122-148","crRNA068","Perfect Match",148,"CDS",-0.313590152432189,0.205179315313778,0.687866423764333,-0.90940839749602
"GFP","crRNA069:124-150","crRNA069","Perfect Match",150,"CDS",0.144634803009234,0.924826860672,0.0339395650911256,-0.00642160471528192
"GFP","crRNA070:125-151","crRNA070","Perfect Match",151,"CDS",0.961479815510704,0.0274142039608889,1.56202436041018,1.60326867792568
"GFP","crRNA071:127-153","crRNA071","Perfect Match",153,"CDS",0.875858332933408,0.052485014208,1.27996468089534,1.43454135954747
"GFP","crRNA072:128-154","crRNA072","Perfect Match",154,"CDS",0.269104262529731,0.351508359111111,0.45406434269917,0.238860274232783
"GFP","crRNA073:129-155","crRNA073","Perfect Match",155,"CDS",0.451287708384181,0.230839175111111,0.636690486283894,0.597874429870326
"GFP","crRNA074:132-158","crRNA074","Perfect Match",158,"CDS",1.25182958785221,0.001582542336,2.80064466295658,2.17543744917626
"GFP","crRNA075:134-160","crRNA075","Perfect Match",160,"CDS",0.772094338745228,0.0180459843128889,1.74361942449406,1.23006206350424
"GFP","crRNA076:136-162","crRNA076","Perfect Match",162,"CDS",-0.00666846187342235,0.656242704775111,0.182935511461832,-0.304582689726528
"GFP","crRNA077:137-163","crRNA077","Perfect Match",163,"CDS",-0.111477278872408,0.287210040824889,0.541800381286918,-0.511120933428001
"GFP","crRNA078:140-166","crRNA078","Perfect Match",166,"CDS",-0.083039729349396,0.350360265216,0.455485153576844,-0.455081358687706
"GFP","crRNA079:141-167","crRNA079","Perfect Match",167,"CDS",0.51832643728399,0.189134376,0.723229529059274,0.729982221212725
"GFP","crRNA080:142-168","crRNA080","Perfect Match",168,"CDS",0.178075763896478,0.453747142656,0.343186096793603,0.0594777874074999
"GFP","crRNA081:143-169","crRNA081","Perfect Match",169,"CDS",0.593911817701227,0.0815412008888889,1.0886228968135,0.878932206222431
"GFP","crRNA082:144-170","crRNA082","Perfect Match",170,"CDS",0.119183518574585,0.919091311047111,0.0366413396324518,-0.0565763888030551
"GFP","crRNA083:145-171","crRNA083","Perfect Match",171,"CDS",0.983330759503336,0.00530590323911111,2.27524067427515,1.64632856281591
"GFP","crRNA084:147-173","crRNA084","Perfect Match",173,"CDS",-0.205111480187151,0.0909972211128889,1.04097187002798,-0.695638267405011
"GFP","crRNA085:148-174","crRNA085","Perfect Match",174,"CDS",-0.29390324555633,0.0949796408888889,1.02236947678673,-0.870613005214341
"GFP","crRNA086:149-175","crRNA086","Perfect Match",175,"CDS",0.829522223648777,0.231638870016,0.635188562314958,1.34323054328571
"GFP","crRNA087:150-176","crRNA087","Perfect Match",176,"CDS",0.252763661540219,0.928741481585778,0.0321051565608511,0.206659175832512
"GFP","crRNA088:151-177","crRNA088","Perfect Match",177,"CDS",-0.416245001623603,0.0546158529208889,1.26268127969886,-1.11170199136074
"GFP","crRNA089:152-178","crRNA089","Perfect Match",178,"CDS",0.14484887944949,1,0,-0.00599974161965362
"GFP","crRNA090:153-179","crRNA090","Perfect Match",179,"CDS",0.0277168070683281,0.649008255886222,0.187749778603291,-0.236822426231705
"GFP","crRNA091:154-180","crRNA091","Perfect Match",180,"CDS",-0.259723650410092,0.095384272896,1.02052322652797,-0.803258046403961
"GFP","crRNA092:155-181","crRNA092","Perfect Match",181,"CDS",-0.413371476138197,0.355787365248,0.44880947868184,-1.10603936750923
"GFP","crRNA093:157-183","crRNA093","Perfect Match",183,"CDS",-0.18879331068594,0.246073344,0.608935428884376,-0.663481372921261
"GFP","crRNA094:158-184","crRNA094","Perfect Match",184,"CDS",-0.360625039208998,0.272028526833778,0.565385550389067,-1.00209623794435
"GFP","crRNA095:161-187","crRNA095","Perfect Match",187,"CDS",-0.252321943728671,0.328744003335111,0.483142160455718,-0.788672102757741
"GFP","crRNA096:162-188","crRNA096","Perfect Match",188,"CDS",-0.561845216846761,0.00969911487288889,2.01326789700796,-1.39862453848803
"GFP","crRNA097:163-189","crRNA097","Perfect Match",189,"CDS",-0.273219219612187,0.122122752,0.913203417565747,-0.829852671174693
"GFP","crRNA098:165-191","crRNA098","Perfect Match",191,"CDS",-0.376405833308469,0.0418185608888889,1.37863091673041,-1.03319417026383
"GFP","crRNA099:167-193","crRNA099","Perfect Match",193,"CDS",-0.59232099586414,0.0516804547768889,1.28667367329811,-1.45868068694875
"GFP","crRNA100:168-194","crRNA100","Perfect Match",194,"CDS",-0.0421133289047975,0.388747077390222,0.410332862989082,-0.374431017324418
"GFP","crRNA101:169-195","crRNA101","Perfect Match",195,"CDS",0.103349057065561,1,0,-0.0877800791382303
"GFP","crRNA102:170-196","crRNA102","Perfect Match",196,"CDS",-0.105314274144426,0.192961600888889,0.714529106439163,-0.498975999357678
"GFP","crRNA103:171-197","crRNA103","Perfect Match",197,"CDS",-0.347005538489253,0.179788447111111,0.745238218704538,-0.975257391373124
"GFP","crRNA104:173-199","crRNA104","Perfect Match",199,"CDS",0.564547951030836,0.192576576192,0.715396538858495,0.821067213333088
"GFP","crRNA105:174-200","crRNA105","Perfect Match",200,"CDS",0.530892150974889,0.137494396472889,0.861715000964574,0.754744455067526
"GFP","crRNA106:176-202","crRNA106","Perfect Match",202,"CDS",-0.209477107728375,0.0789652792248889,1.10256382460392,-0.70424125588286
"GFP","crRNA107:178-204","crRNA107","Perfect Match",204,"CDS",0.521148001975363,0.541791023118222,0.266168195025476,0.735542450137473
"GFP","crRNA108:180-206","crRNA108","Perfect Match",206,"CDS",0.4381950780312,0.163751119111111,0.785815723262168,0.572073844042098
"GFP","crRNA109:181-207","crRNA109","Perfect Match",207,"CDS",0.882758624090953,0.0225425401528889,1.64699714808467,1.44813920424714
"GFP","crRNA110:183-209","crRNA110","Perfect Match",209,"CDS",0.137906203232446,0.526095718343111,0.278935232716293,-0.0196811111218982
"GFP","crRNA111:184-210","crRNA111","Perfect Match",210,"CDS",0.525731624537488,0.172180024583111,0.764017234511489,0.74457502374033
"GFP","crRNA112:185-211","crRNA112","Perfect Match",211,"CDS",0.810515262289878,0.059394977664,1.22625027665225,1.30577506454286
"GFP","crRNA113:186-212","crRNA113","Perfect Match",212,"CDS",1.10198273210817,0.00725465422222222,2.13938328246257,1.88014639165138
"GFP","crRNA114:188-214","crRNA114","Perfect Match",214,"CDS",0.504379315508594,0.292770422592,0.533472800407075,0.702497758372078
"GFP","crRNA115:189-215","crRNA115","Perfect Match",215,"CDS",1.13813126604952,0.076390551552,1.11696035428538,1.95138137861533
"GFP","crRNA116:191-217","crRNA116","Perfect Match",217,"CDS",0.0577911719623242,0.855190598087111,0.0679370823798818,-0.177557312060028
"GFP","crRNA117:192-218","crRNA117","Perfect Match",218,"CDS",0.57317926847347,0.061173501504,1.21343666025185,0.838076251279282
"GFP","crRNA118:193-219","crRNA118","Perfect Match",219,"CDS",0.662995416562282,0.0609945445191111,1.21470900746792,1.0150696571153
"GFP","crRNA119:195-221","crRNA119","Perfect Match",221,"CDS",0.360078709843073,0.372605116359111,0.428751185963464,0.418136246501335
"GFP","crRNA120:196-222","crRNA120","Perfect Match",222,"CDS",0.615128543897058,0.170933208576,0.767173555183012,0.920742289486937
"GFP","crRNA121:198-224","crRNA121","Perfect Match",224,"CDS",-0.164078127000669,0.385817578609778,0.41361798892825,-0.61477716293896
"GFP","crRNA122:200-226","crRNA122","Perfect Match",226,"CDS",0.624960053442303,0.0635318888888889,1.1970082323111,0.940116448766197
"GFP","crRNA123:201-227","crRNA123","Perfect Match",227,"CDS",1.09685645165973,0.001380298944,2.86002684427313,1.87004444611991
"GFP","crRNA124:203-229","crRNA124","Perfect Match",229,"CDS",-0.079220566784628,0.412803632696889,0.384256489546369,-0.447555244462552
"GFP","crRNA125:205-231","crRNA125","Perfect Match",231,"CDS",-0.213934510065292,0.256962342385778,0.590130517495042,-0.713025097514682
"GFP","crRNA126:208-234","crRNA126","Perfect Match",234,"CDS",0.321161750401512,0.432952778695111,0.363559468705484,0.341445747711149
"GFP","crRNA127:210-236","crRNA127","Perfect Match",236,"CDS",0.356233213484943,0.203951758087111,0.690472546663434,0.410558238403254
"GFP","crRNA128:211-237","crRNA128","Perfect Match",237,"CDS",-0.186694038977244,0.113731731456,0.944118349088648,-0.6593445082549
"GFP","crRNA129:212-238","crRNA129","Perfect Match",238,"CDS",0.836639830268761,0.047780772288,1.32074683496064,1.35725663395958
"GFP","crRNA130:213-239","crRNA130","Perfect Match",239,"CDS",0.890690714748623,0.373344111111111,0.427890694562374,1.46377033262188
"GFP","crRNA131:215-241","crRNA131","Perfect Match",241,"CDS",0.214547512967531,0.445620523008,0.351034815985407,0.13134970823959
"GFP","crRNA132:216-242","crRNA132","Perfect Match",242,"CDS",0.160550455394614,0.443604143616,0.353004405847586,0.0249420819015736
"GFP","crRNA133:217-243","crRNA133","Perfect Match",243,"CDS",0.0861507865635305,1,0,-0.12167131735559
"GFP","crRNA134:218-244","crRNA134","Perfect Match",244,"CDS",0.600205727459783,0.138264240135111,0.859290128785533,0.891335104230146
"GFP","crRNA135:220-246","crRNA135","Perfect Match",246,"CDS",0.445660692713446,0.195865656888889,0.708041706583986,0.586785726007505
"GFP","crRNA136:221-247","crRNA136","Perfect Match",247,"CDS",0.539541567712858,0.208989867064889,0.679874770274049,0.771789159828572
"GFP","crRNA137:222-248","crRNA137","Perfect Match",248,"CDS",0.0818473916021634,0.820836742464,0.0857432118177548,-0.130151669130604
"GFP","crRNA138:223-249","crRNA138","Perfect Match",249,"CDS",0.845303240415168,0.219992211000889,0.657592695446961,1.37432891439684
"GFP","crRNA139:226-252","crRNA139","Perfect Match",252,"CDS",0.836726950817583,0.062747664,1.20240243766834,1.35742831536635
"GFP","crRNA140:227-253","crRNA140","Perfect Match",253,"CDS",0.976349302273793,0.230244927096889,0.637809929678773,1.6325707707145
"GFP","crRNA141:231-257","crRNA141","Perfect Match",257,"CDS",-0.0272503141545031,0.535714774584889,0.271066375967615,-0.345141678406828
"GFP","crRNA142:233-259","crRNA142","Perfect Match",259,"CDS",0.340000642257404,0.229971902976,0.6383252210601,0.378570025501973
"GFP","crRNA143:234-260","crRNA143","Perfect Match",260,"CDS",0.403425399259856,0.143417394119111,0.84339817285349,0.503556055242256
"GFP","crRNA144:236-262","crRNA144","Perfect Match",262,"CDS",0.0141452092759854,0.427037008327111,0.369534486062137,-0.263566874385149
"GFP","crRNA145:240-266","crRNA145","Perfect Match",266,"CDS",-0.0720904028009055,0.521223336,0.282976148467601,-0.433504408009396
"GFP","crRNA146:241-267","crRNA146","Perfect Match",267,"CDS",0.588545732070503,0.0542843463751111,1.26532538704108,0.868357696048042
"GFP","crRNA147:242-268","crRNA147","Perfect Match",268,"CDS",0.0783959965405321,0.950003249664,0.0222749091230162,-0.136953053735071
"GFP","crRNA148:243-269","crRNA148","Perfect Match",269,"CDS",1.05959540119899,0.0153008723271111,1.81528380865618,1.79661711299098
"GFP","crRNA149:244-270","crRNA149","Perfect Match",270,"CDS",-0.30980738304067,0.0616224246328889,1.21026121767166,-0.901954000348693
"GFP","crRNA150:245-271","crRNA150","Perfect Match",271,"CDS",0.149911969234593,1,0,0.00397767919149975
"GFP","crRNA151:246-272","crRNA151","Perfect Match",272,"CDS",1.21405608905977,0.0890355389582222,1.050436608044,2.10100027564032
"GFP","crRNA152:247-273","crRNA152","Perfect Match",273,"CDS",-0.177712785834778,0.211232666119111,0.675238919385077,-0.641645880377999
"GFP","crRNA153:248-274","crRNA153","Perfect Match",274,"CDS",0.256753837209934,0.450010287111111,0.346777558259044,0.214522291727535
"GFP","crRNA154:250-276","crRNA154","Perfect Match",276,"CDS",0.23754091763962,1,0,0.176660947824867
"GFP","crRNA155:252-278","crRNA155","Perfect Match",278,"CDS",-0.195299258652135,0.099675254784,1.00141264554624,-0.676302117444731
"GFP","crRNA156:256-282","crRNA156","Perfect Match",282,"CDS",0.914914132079433,0.0113309413831111,1.9457340071263,1.51150545849399
"GFP","crRNA157:258-284","crRNA157","Perfect Match",284,"CDS",0.00147114591810817,0.547431673344,0.261670078755307,-0.288542624149814
"GFP","crRNA158:262-288","crRNA158","Perfect Match",288,"CDS",0.877317565615057,0.0600165166648889,1.22172921446127,1.43741695116132
"GFP","crRNA159:263-289","crRNA159","Perfect Match",289,"CDS",1.19903964108661,0.00223596088888889,2.65053579733673,2.0714085783021
"GFP","crRNA160:264-290","crRNA160","Perfect Match",290,"CDS",0.617272211763903,0.476302848,0.322116821665007,0.924966642065039
"GFP","crRNA161:267-293","crRNA161","Perfect Match",293,"CDS",0.710260273096905,0.082849906936889,1.08170797507589,1.10821068033244
"GFP","crRNA162:271-297","crRNA162","Perfect Match",297,"CDS",0.639298358922835,0.227919645681778,0.642218238911473,0.968371785639554
"GFP","crRNA163:273-299","crRNA163","Perfect Match",299,"CDS",1.07279381296808,0.00516673919288889,2.28678346025575,1.82262615368517
"GFP","crRNA164:274-300","crRNA164","Perfect Match",300,"CDS",1.23131196790161,0.00628622222222222,2.20161027044236,2.13500503794532
"GFP","crRNA165:276-302","crRNA165","Perfect Match",302,"CDS",0.788657021058925,0.089373,1.04879366377752,1.26270079957631
"GFP","crRNA166:281-307","crRNA166","Perfect Match",307,"CDS",0.468315369373106,0.247734222904889,0.60601399425349,0.631429461743557
"GFP","crRNA167:282-308","crRNA167","Perfect Match",308,"CDS",1.45587281065904,0.0226712087182222,1.64452532479363,2.57752889610214
"GFP","crRNA168:287-313","crRNA168","Perfect Match",313,"CDS",0.713660262542996,0.036883206336,1.43317133182926,1.11491076405541
"GFP","crRNA169:289-315","crRNA169","Perfect Match",315,"CDS",0.915373399966649,0.00890827770311111,2.05020625290328,1.51241050050792
"GFP","crRNA170:290-316","crRNA170","Perfect Match",316,"CDS",0.703242332968321,0.0835094785208889,1.07826422828053,1.09438099433785
"GFP","crRNA171:291-317","crRNA171","Perfect Match",317,"CDS",0.0991413845006595,0.523093752888889,0.281420466556552,-0.0960717985422766
"GFP","crRNA172:292-318","crRNA172","Perfect Match",318,"CDS",-0.0726442663957899,0.204952828416,0.688346083900369,-0.434595862119967
"GFP","crRNA173:293-319","crRNA173","Perfect Match",319,"CDS",0.0812282062661779,0.405490979904,0.392018802171665,-0.131371847503779
"GFP","crRNA174:294-320","crRNA174","Perfect Match",320,"CDS",0.747864484106911,0.0543670968888889,1.26466385697066,1.1823142521518
"GFP","crRNA175:295-321","crRNA175","Perfect Match",321,"CDS",0.471187886402254,0.392947003008,0.405666019225653,0.63709009831203
"GFP","crRNA176:297-323","crRNA176","Perfect Match",323,"CDS",0.50334171774272,0.158625375111111,0.799627337893343,0.700453048524487
"GFP","crRNA177:298-324","crRNA177","Perfect Match",324,"CDS",0.941455749904857,0.0317122427448889,1.49877304282668,1.56380887425253
"GFP","crRNA178:299-325","crRNA178","Perfect Match",325,"CDS",0.512856299475663,0.0912308467271111,1.03985829436556,0.719202663842587
"GFP","crRNA179:300-326","crRNA179","Perfect Match",326,"CDS",0.46669673221719,0.146055228430222,0.835482891701376,0.628239744647752
"GFP","crRNA180:301-327","crRNA180","Perfect Match",327,"CDS",0.692342878153744,0.0631516186808889,1.199615513277,1.07290232184479
"GFP","crRNA181:303-329","crRNA181","Perfect Match",329,"CDS",0.544606355805464,0.110711590919111,0.955806908401394,0.781769927356719
"GFP","crRNA182:304-330","crRNA182","Perfect Match",330,"CDS",-0.270110793520756,0.116458892529778,0.93382734414808,-0.823727147731315
"GFP","crRNA183:305-331","crRNA183","Perfect Match",331,"CDS",-0.107975856730151,0.696961241088,0.156791372905784,-0.504220964509105
"GFP","crRNA184:307-333","crRNA184","Perfect Match",333,"CDS",0.393939020870326,0.100210243584,0.999087882215064,0.484862017967891
"GFP","crRNA185:308-334","crRNA185","Perfect Match",334,"CDS",0.0111904079065923,0.743340350222222,0.12881229205481,-0.269389662035992
"GFP","crRNA186:309-335","crRNA186","Perfect Match",335,"CDS",-0.1149200452802,0.428957848007111,0.367585382121409,-0.517905314243469
"GFP","crRNA187:310-336","crRNA187","Perfect Match",336,"CDS",0.017964380600099,0.727977768903111,0.137881883036035,-0.256040742898663
"GFP","crRNA188:311-337","crRNA188","Perfect Match",337,"CDS",0.427430082469905,0.344685926392889,0.462576448575476,0.550860139505146
"GFP","crRNA189:312-338","crRNA189","Perfect Match",338,"CDS",0.844597351951868,0.0597632435342222,1.22356584006167,1.37293787719565
"GFP","crRNA190:314-340","crRNA190","Perfect Match",340,"CDS",0.531199403657771,0.369031943111111,0.432936040029375,0.755349933035048
"GFP","crRNA191:316-342","crRNA191","Perfect Match",342,"CDS",0.384416974902012,0.350933999160889,0.454774554461487,0.466097693485922
"GFP","crRNA192:317-343","crRNA192","Perfect Match",343,"CDS",0.715027374966378,0.0328823203271111,1.48303754424313,1.11760482174018
"GFP","crRNA193:318-344","crRNA193","Perfect Match",344,"CDS",0.389172041085341,0.213903864888889,0.669781368374925,0.475468117142155
"GFP","crRNA194:319-345","crRNA194","Perfect Match",345,"CDS",0.362927322344492,0.102801659918222,0.987999872816383,0.423749776353836
"GFP","crRNA195:320-346","crRNA195","Perfect Match",346,"CDS",0.960343609612026,0.00318551768177778,2.49681997994712,1.60102964902033
"GFP","crRNA196:321-347","crRNA196","Perfect Match",347,"CDS",0.510236953330103,0.885093,0.0530110939747041,0.714040930621656
"GFP","crRNA197:322-348","crRNA197","Perfect Match",348,"CDS",0.376772604378549,0.304358513777778,0.516614545282769,0.451033551867621
"GFP","crRNA198:324-350","crRNA198","Perfect Match",350,"CDS",0.722143274511365,0.030401360832,1.51710697597674,1.13162754841968
"GFP","crRNA199:325-351","crRNA199","Perfect Match",351,"CDS",0.65154236338174,0.058786948608,1.23071908169049,0.992500053176813
"GFP","crRNA200:327-353","crRNA200","Perfect Match",353,"CDS",0.50976549435244,0.118467750855111,0.926399856673248,0.713111864613547
"GFP","crRNA201:332-358","crRNA201","Perfect Match",358,"CDS",0.290327915398558,0.301504158599111,0.520706693327508,0.28068400733054
"GFP","crRNA202:333-359","crRNA202","Perfect Match",359,"CDS",1.02551024669442,0.644584892024889,0.190719877829449,1.72944826070124
"GFP","crRNA203:336-362","crRNA203","Perfect Match",362,"CDS",1.00679146643844,0.0119840071111111,1.92139794194139,1.69256067710853
"GFP","crRNA204:337-363","crRNA204","Perfect Match",363,"CDS",0.307216077052787,0.202555743744,0.693455437294231,0.313964139167586
"GFP","crRNA205:338-364","crRNA205","Perfect Match",364,"CDS",0.258283429433832,0.716130636273778,0.145007746633806,0.217536535190529
"GFP","crRNA206:339-365","crRNA206","Perfect Match",365,"CDS",0.899835680533285,0.0105077235128889,1.97849136321814,1.48179157573822
"GFP","crRNA207:343-369","crRNA207","Perfect Match",369,"CDS",0.538441668469445,0.107158919111111,0.969971675676441,0.769621677507067
"GFP","crRNA208:346-372","crRNA208","Perfect Match",372,"CDS",-0.0551280244787563,0.562233351736889,0.250083395573697,-0.400078023398161
"GFP","crRNA209:347-373","crRNA209","Perfect Match",373,"CDS",0.387143592297883,0.599989080576,0.221856653430925,0.471470817468369
"GFP","crRNA210:348-374","crRNA210","Perfect Match",374,"CDS",0.552650314386067,0.093946343424,1.02712011882778,0.797621504783275
"GFP","crRNA211:349-375","crRNA211","Perfect Match",375,"CDS",0.696529067328029,0.0465009991111111,1.33253771584594,1.08115170567161
"GFP","crRNA212:350-376","crRNA212","Perfect Match",376,"CDS",1.06645287297765,0.024207372288,1.61605235069697,1.81013057701005
"GFP","crRNA213:352-378","crRNA213","Perfect Match",378,"CDS",1.19592326313585,0.00550203800177778,2.25947641432703,2.06526738477383
"GFP","crRNA214:353-379","crRNA214","Perfect Match",379,"CDS",0.484713387289495,0.628442187648,0.201734668241009,0.663743707029515
"GFP","crRNA215:354-380","crRNA215","Perfect Match",380,"CDS",1.05737876084537,0.00291678156088889,2.53509609417371,1.79224895944567
"GFP","crRNA216:355-381","crRNA216","Perfect Match",381,"CDS",0.620218918004977,0.0645476412871111,1.1901196231839,0.930773477302397
"GFP","crRNA217:356-382","crRNA217","Perfect Match",382,"CDS",0.499962201273302,0.137187260928,0.862686214908697,0.693793309237853
"GFP","crRNA218:357-383","crRNA218","Perfect Match",383,"CDS",0.813733231331444,0.028262006784,1.54879700369501,1.31211645540253
"GFP","crRNA219:358-384","crRNA219","Perfect Match",384,"CDS",0.794751531219296,0.0934702648888889,1.02932652654512,1.2747107569519
"GFP","crRNA220:359-385","crRNA220","Perfect Match",385,"CDS",0.678264025705922,0.092522938368,1.03375058324314,1.04515826804125
"GFP","crRNA221:363-389","crRNA221","Perfect Match",389,"CDS",0.358573716961106,0.427603359744,0.368958891132699,0.415170478968364
"GFP","crRNA222:364-390","crRNA222","Perfect Match",390,"CDS",0.974407158498114,0.0071324657848889,2.14676030301748,1.6287435453347
"GFP","crRNA223:367-393","crRNA223","Perfect Match",393,"CDS",0.223337815074214,0.413763888888889,0.38324741492845,0.148672044381761
"GFP","crRNA224:371-397","crRNA224","Perfect Match",397,"CDS",0.991112230792937,0.201649138446222,0.695403629192444,1.66166287780568
"GFP","crRNA225:372-398","crRNA225","Perfect Match",398,"CDS",1.03048618131189,0.0252697569848889,1.59739893459885,1.73925393188514
"GFP","crRNA226:375-401","crRNA226","Perfect Match",401,"CDS",0.523091174975167,0.253697941959111,0.595683055834741,0.739371703725856
"GFP","crRNA227:380-406","crRNA227","Perfect Match",406,"CDS",1.13196810317189,0.421371526464,0.375334814521367,1.93923613289231
"GFP","crRNA228:382-408","crRNA228","Perfect Match",408,"CDS",0.0197898172819036,0.0832184391111112,1.0797804343228,-0.252443502732773
"GFP","crRNA229:383-409","crRNA229","Perfect Match",409,"CDS",-0.0562560135867511,0.490822465479111,0.309075567358395,-0.402300860139862
"GFP","crRNA230:385-411","crRNA230","Perfect Match",411,"CDS",0.856836472202197,0.0171867995591111,1.76480498795652,1.3970565198188
"GFP","crRNA231:386-412","crRNA231","Perfect Match",412,"CDS",1.01278679677114,0.099675254784,1.00141264554624,1.7043751888336
"GFP","crRNA232:387-413","crRNA232","Perfect Match",413,"CDS",0.763741822993355,0.030739777344,1.51229928252991,1.21360243746059
"GFP","crRNA233:389-415","crRNA233","Perfect Match",415,"CDS",0.4867895762901,0.115980562887111,0.935614787826352,0.667835084473279
"GFP","crRNA234:390-416","crRNA234","Perfect Match",416,"CDS",0.84694605800457,0.101620002816,0.993020797390954,1.37756628191374
"GFP","crRNA235:391-417","crRNA235","Perfect Match",417,"CDS",0.592157644462948,0.852610426104887,0.0692493609075882,0.875475399150696
"GFP","crRNA236:392-418","crRNA236","Perfect Match",418,"CDS",0.501379156081792,0.169503473664,0.770821397297777,0.696585587272559
"GFP","crRNA237:394-420","crRNA237","Perfect Match",420,"CDS",0.353096302696492,0.393599294087111,0.404945689138936,0.404376582475383
"GFP","crRNA238:396-422","crRNA238","Perfect Match",422,"CDS",0.999631246729868,0.00811495911111111,2.09071366411422,1.67845061227362
"GFP","crRNA239:399-425","crRNA239","Perfect Match",425,"CDS",1.36252619132653,0.00450111204977777,2.3466801756875,2.39357827663666
"GFP","crRNA240:400-426","crRNA240","Perfect Match",426,"CDS",1.0919883275327,0.000948855687111111,3.0227998350513,1.86045122833436
"GFP","crRNA241:403-429","crRNA241","Perfect Match",429,"CDS",1.04599179037207,0.148674064896,0.827764784369188,1.7698095793441
"GFP","crRNA242:404-430","crRNA242","Perfect Match",430,"CDS",1.00754658734486,0.637428687815111,0.195568394769667,1.6940487326964
"GFP","crRNA243:405-431","crRNA243","Perfect Match",431,"CDS",1.27460182324646,0.000661046592000001,3.17976792941694,2.22031284838557
"GFP","crRNA244:406-432","crRNA244","Perfect Match",432,"CDS",0.903579945776264,0.0133948648888889,1.87306166266838,1.48917009587975
"GFP","crRNA245:409-435","crRNA245","Perfect Match",435,"CDS",0.748330205652715,0.061173501504,1.21343666025185,1.18323201186781
"GFP","crRNA246:412-438","crRNA246","Perfect Match",438,"CDS",0.725594656753663,0.120285996536889,0.919784929441108,1.13842890776212
"GFP","crRNA247:413-439","crRNA247","Perfect Match",439,"CDS",0.948866271304647,0.0072614922168889,2.13897412379458,1.57841218835004
"GFP","crRNA248:414-440","crRNA248","Perfect Match",440,"CDS",0.830346271385245,0.0109283574328889,1.9614451089963,1.34485442739288
"GFP","crRNA249:417-443","crRNA249","Perfect Match",443,"CDS",0.630507821595605,0.616505572224,0.210062993723239,0.951048985967309
"GFP","crRNA250:419-445","crRNA250","Perfect Match",445,"CDS",0.258302993233105,0.457504628216889,0.339604508157338,0.217575087984632
"GFP","crRNA251:420-446","crRNA251","Perfect Match",446,"CDS",0.537414707463018,0.269876957639111,0.568834194351905,0.767597928659493
"GFP","crRNA252:421-447","crRNA252","Perfect Match",447,"CDS",-0.0620606805917638,0.179880028992,0.745017051107072,-0.413739647093243
"GFP","crRNA253:422-448","crRNA253","Perfect Match",448,"CDS",0.360643627922646,0.272889287943111,0.564013511887833,0.41924948478921
"GFP","crRNA254:423-449","crRNA254","Perfect Match",449,"CDS",0.557563594376199,0.129361400888889,0.888195289986164,0.807303707569566
"GFP","crRNA255:424-450","crRNA255","Perfect Match",450,"CDS",-0.0113991263921465,0.505065686208,0.296652136133726,-0.313905026999427
"GFP","crRNA256:430-456","crRNA256","Perfect Match",456,"CDS",0.903957373254752,0.010618817472,1.97392384426959,1.48991386163118
"GFP","crRNA257:435-461","crRNA257","Perfect Match",461,"CDS",0.0172445888236139,1,0,-0.257459178232662
"GFP","crRNA258:436-462","crRNA258","Perfect Match",462,"CDS",-0.886735637804502,0.005443842048,2.26409448425437,-2.03885976736857
"GFP","crRNA259:438-464","crRNA259","Perfect Match",464,"CDS",0.666361995014351,0.338154666481778,0.470884615001015,1.02170390049943
"GFP","crRNA260:439-465","crRNA260","Perfect Match",465,"CDS",0.637884049977272,0.175956820935111,0.754593893153523,0.96558472159254
"GFP","crRNA261:440-466","crRNA261","Perfect Match",466,"CDS",0.305603470945477,0.416975496,0.379889466044638,0.310786306970612
"GFP","crRNA262:441-467","crRNA262","Perfect Match",467,"CDS",0.91167588854235,0.333608284935111,0.476763172491963,1.5051241143287
"GFP","crRNA263:443-469","crRNA263","Perfect Match",469,"CDS",0.14375716630135,0.441259399672889,0.355306030198824,-0.00815109226646822
"GFP","crRNA264:447-473","crRNA264","Perfect Match",473,"CDS",0.134696353685683,0.718680592440889,0.143464082859452,-0.0260065015510337
"GFP","crRNA265:448-474","crRNA265","Perfect Match",474,"CDS",-0.119229442555412,0.240970014264889,0.618036996634734,-0.52639749429205
"GFP","crRNA266:450-476","crRNA266","Perfect Match",476,"CDS",0.833448399838715,1,0,1.35096754059138
"GFP","crRNA267:451-477","crRNA267","Perfect Match",477,"CDS",0.984195292218663,0.0178088868408889,1.74936322562199,1.64803222739069
"GFP","crRNA268:452-478","crRNA268","Perfect Match",478,"CDS",0.83326323539059,0.0104249134648889,1.98192754133044,1.3506026520161
"GFP","crRNA269:454-480","crRNA269","Perfect Match",480,"CDS",0.456719530711393,0.498036791808,0.302738573125855,0.608578482026278
"GFP","crRNA270:455-481","crRNA270","Perfect Match",481,"CDS",0.181866971997618,0.877076697073778,0.0569624275467318,0.0669488140361454
"GFP","crRNA271:457-483","crRNA271","Perfect Match",483,"CDS",0.569024351998289,0.155435053056,0.808451034234506,0.829888494026775
"GFP","crRNA272:458-484","crRNA272","Perfect Match",484,"CDS",0.483297578702611,0.512674697088,0.290158116509729,0.660953687760856
"GFP","crRNA273:459-485","crRNA273","Perfect Match",485,"CDS",0.143472564347479,0.788892160888889,0.102982359441745,-0.00871193427756633
"GFP","crRNA274:460-486","crRNA274","Perfect Match",486,"CDS",1.00988943322002,0.00969911487288889,2.01326789700796,1.69866558923743
"GFP","crRNA275:462-488","crRNA275","Perfect Match",488,"CDS",0.497717148751542,0.0882247528888889,1.05440954939352,0.689369166134831
"GFP","crRNA276:464-490","crRNA276","Perfect Match",490,"CDS",0.936476473011663,0.0362476683448889,1.44071992447276,1.55399661671666
"GFP","crRNA277:467-493","crRNA277","Perfect Match",493,"CDS",0.290504995116638,0.486877089777778,0.312580660897076,0.281032963983374
"GFP","crRNA278:468-494","crRNA278","Perfect Match",494,"CDS",NA,1,0,NA
"GFP","crRNA279:471-497","crRNA279","Perfect Match",497,"CDS",0.99545438624742,0.00943909901511111,2.02506945818497,1.67021961174397
"GFP","crRNA280:472-498","crRNA280","Perfect Match",498,"CDS",0.710152950038397,0.0855091781048889,1.06798726788725,1.10799918747671
"GFP","crRNA281:473-499","crRNA281","Perfect Match",499,"CDS",0.699840298844922,0.253075854222222,0.596749288576566,1.08767688133498
"GFP","crRNA282:475-501","crRNA282","Perfect Match",501,"CDS",-0.0730302385515726,0.235648171576889,0.627735925635508,-0.435356466174622
"GFP","crRNA283:477-503","crRNA283","Perfect Match",503,"CDS",0.989400126010746,0.004879139328,2.31165678005998,1.65828897163183
"GFP","crRNA284:479-505","crRNA284","Perfect Match",505,"CDS",0.16745278318359,0.379215699512889,0.42111369118978,0.0385439400257882
"GFP","crRNA285:480-506","crRNA285","Perfect Match",506,"CDS",0.504059885426992,0.145801454599111,0.836238143225067,0.701868283391551
"GFP","crRNA286:481-507","crRNA286","Perfect Match",507,"CDS",0.0891850038990731,0.647136383943111,0.189004182156597,-0.115692031094801
"GFP","crRNA287:483-509","crRNA287","Perfect Match",509,"CDS",0.995068343148934,0.217710398976,0.662120826310153,1.66945886788828
"GFP","crRNA288:486-512","crRNA288","Perfect Match",512,"CDS",0.276050194302125,1,0,0.25254805919418
"GFP","crRNA289:488-514","crRNA289","Perfect Match",514,"CDS",1.27552944627301,0.000508255111111111,3.29391824531916,2.2221408399249
"GFP","crRNA290:493-519","crRNA290","Perfect Match",519,"CDS",0.633981237991987,0.0781188520320001,1.10724414735847,0.957893766231927
"GFP","crRNA291:494-520","crRNA291","Perfect Match",520,"CDS",0.372642906007486,0.326003722944,0.486777440285425,0.442895489889644
"GFP","crRNA292:495-521","crRNA292","Perfect Match",521,"CDS",-0.0727151236518573,0.403282657336889,0.394390453878413,-0.434735494773408
"GFP","crRNA293:498-524","crRNA293","Perfect Match",524,"CDS",-0.083769455378517,0.344657280967111,0.462612542498565,-0.456519370648468
"GFP","crRNA294:499-525","crRNA294","Perfect Match",525,"CDS",0.130870699834793,0.584529011143111,0.233193929212667,-0.0335454076278025
"GFP","crRNA295:501-527","crRNA295","Perfect Match",527,"CDS",-0.159675717869184,0.368438644280889,0.433634824409606,-0.606101691961351
"GFP","crRNA296:503-529","crRNA296","Perfect Match",529,"CDS",0.395669316333715,0.340420896647111,0.467983788716761,0.488271771043307
"GFP","crRNA297:504-530","crRNA297","Perfect Match",530,"CDS",0.939256993479126,0.00484602311111112,2.31461451900493,1.55947596311489
"GFP","crRNA298:506-532","crRNA298","Perfect Match",532,"CDS",1.14509316034977,0.0914546064568889,1.03879441475373,1.96510061963704
"GFP","crRNA299:507-533","crRNA299","Perfect Match",533,"CDS",0.897127859222334,0.015804072,1.80123100043254,1.4764554916774
"GFP","crRNA300:508-534","crRNA300","Perfect Match",534,"CDS",0.50364276828102,0.145322545095111,0.837667004760027,0.7010463044282
"GFP","crRNA301:510-536","crRNA301","Perfect Match",536,"CDS",0.766196005251131,0.0789652792248889,1.10256382460392,1.21843869558999
"GFP","crRNA302:511-537","crRNA302","Perfect Match",537,"CDS",-0.293095114230751,0.133386577016889,0.874887872224605,-0.869020486288507
"GFP","crRNA303:513-539","crRNA303","Perfect Match",539,"CDS",0.00236040578730196,0.574453000512,0.240745497790782,-0.286790231776381
"GFP","crRNA304:515-541","crRNA304","Perfect Match",541,"CDS",-0.285653161052205,0.918683612273778,0.0368340306178333,-0.854355232131307
"GFP","crRNA305:516-542","crRNA305","Perfect Match",542,"CDS",-0.445010576523507,0.0694961214008889,1.15803943283716,-1.16838797913357
"GFP","crRNA306:517-543","crRNA306","Perfect Match",543,"CDS",0.430332859971592,0.181262619072,0.741691749156605,0.556580407935047
"GFP","crRNA307:518-544","crRNA307","Perfect Match",544,"CDS",0.419446220429244,0.171466818624,0.765819909922847,0.535126989460632
"GFP","crRNA308:519-545","crRNA308","Perfect Match",545,"CDS",0.0745807635148264,0.353812065792,0.451227360749262,-0.144471424335979
"GFP","crRNA309:520-546","crRNA309","Perfect Match",546,"CDS",0.907294888387838,0.00687901631288889,2.1624736606639,1.49649083228739
"GFP","crRNA310:521-547","crRNA310","Perfect Match",547,"CDS",0.256086206250972,0.633422696504889,0.19830637924918,0.213206645490386
"GFP","crRNA311:522-548","crRNA311","Perfect Match",548,"CDS",0.0661375519261331,0.902827787207111,0.0443950826857661,-0.161109777316774
"GFP","crRNA312:523-549","crRNA312","Perfect Match",549,"CDS",-0.0748663175658411,0.564594571320889,0.248263301989164,-0.438974678322821
"GFP","crRNA313:524-550","crRNA313","Perfect Match",550,"CDS",0.197701616175624,0.574504151232,0.240706828854482,0.098152864342283
"GFP","crRNA314:526-552","crRNA314","Perfect Match",552,"CDS",0.389381497510009,0.0902789616071111,1.04441344484123,0.475880875947393
"GFP","crRNA315:528-554","crRNA315","Perfect Match",554,"CDS",0.034137487358606,0.683625635136,0.165181660127187,-0.224169711808494
"GFP","crRNA316:529-555","crRNA316","Perfect Match",555,"CDS",-0.37421908342977,0.101910752632889,0.991779991040046,-1.02888491945561
"GFP","crRNA317:530-556","crRNA317","Perfect Match",556,"CDS",-0.239091556408685,0.206561345592889,0.684950945964259,-0.762600050436164
"GFP","crRNA318:531-557","crRNA318","Perfect Match",557,"CDS",0.526354293705303,0.139501958208,0.855419696096764,0.745802067418619
"GFP","crRNA319:532-558","crRNA319","Perfect Match",558,"CDS",0.886290699259481,0.0449519150151111,1.34725180197792,1.4550995786013
"GFP","crRNA320:533-559","crRNA320","Perfect Match",559,"CDS",0.0177952425476233,0.367549888888889,0.434683704202503,-0.25637404955455
"GFP","crRNA321:564-590","crRNA321","Perfect Match",590,"CDS",0.03165286676144,0.654782951616,0.183902636705856,-0.229065952307117
"GFP","crRNA322:565-591","crRNA322","Perfect Match",591,"CDS",-0.0115398740519264,0.723784179975111,0.14039091366302,-0.314182387008713
"GFP","crRNA323:566-592","crRNA323","Perfect Match",592,"CDS",0.242375935369322,1,0,0.186188925515597
"GFP","crRNA324:567-593","crRNA324","Perfect Match",593,"CDS",-0.566254796996562,0.0702445004728889,1.1533876715335,-1.40731414081042
"GFP","crRNA325:568-594","crRNA325","Perfect Match",594,"CDS",-0.163007267565634,0.369031943111111,0.432936040029375,-0.612666907014924
"GFP","crRNA326:569-595","crRNA326","Perfect Match",595,"CDS",-0.999735094907824,2.21307448888889e-05,4.65500396810213,-2.2615386418908
"GFP","crRNA327:570-596","crRNA327","Perfect Match",596,"CDS",0.181486235304088,0.576793571328,0.238979588705296,0.0661985270827572
"GFP","crRNA328:575-601","crRNA328","Perfect Match",601,"CDS",0.4895767129631,0.121980803832889,0.913708509041625,0.673327468891691
"GFP","crRNA329:578-604","crRNA329","Perfect Match",604,"CDS",0.264725004354989,0.614028407921778,0.211811535832331,0.23023042496986
"GFP","crRNA330:580-606","crRNA330","Perfect Match",606,"CDS",0.750394302744026,0.112562096888889,0.948607825143395,1.18729956076565
"GFP","crRNA331:585-611","crRNA331","Perfect Match",611,"CDS",0.377457962020022,0.460228392,0.337026592732604,0.45238413064172
"GFP","crRNA332:587-613","crRNA332","Perfect Match",613,"CDS",0.817477905783897,0.114460635150222,0.941343848489911,1.31949578194002
"GFP","crRNA333:589-615","crRNA333","Perfect Match",615,"CDS",0.354457265479191,1,0,0.407058521561524
"GFP","crRNA334:592-618","crRNA334","Perfect Match",618,"CDS",0.657220695027214,0.0535433671111111,1.27129432138601,1.00368988127326
"GFP","crRNA335:593-619","crRNA335","Perfect Match",619,"CDS",0.47732758526741,0.0227422887751111,1.64316583022078,0.6491891054068
"GFP","crRNA336:594-620","crRNA336","Perfect Match",620,"CDS",0.121645831748944,0.829464593464889,0.0812021475431839,-0.0517241077351366
"GFP","crRNA337:595-621","crRNA337","Perfect Match",621,"CDS",-0.260525379388711,0.139501958208,0.855419696096764,-0.804837948743381
"GFP","crRNA338:597-623","crRNA338","Perfect Match",623,"CDS",-0.113953458463531,0.172965148608,0.762041395668955,-0.516000539919933
"GFP","crRNA339:599-625","crRNA339","Perfect Match",625,"CDS",-0.41069167954524,0.074540496,1.12760772173315,-1.10075850948951
"GFP","crRNA340:602-628","crRNA340","Perfect Match",628,"CDS",0.536002676229923,0.229322876352,0.639552619592428,0.764815353115893
"GFP","crRNA341:603-629","crRNA341","Perfect Match",629,"CDS",0.247748812272985,0.570987497472,0.243373401103304,0.196776818701316
"GFP","crRNA342:604-630","crRNA342","Perfect Match",630,"CDS",-0.0572934305820221,0.353523553656889,0.45158164584885,-0.404345213757473
"GFP","crRNA343:606-632","crRNA343","Perfect Match",632,"CDS",-0.0502432777179579,0.508255111111111,0.29391824531916,-0.39045204873506
"GFP","crRNA344:607-633","crRNA344","Perfect Match",633,"CDS",-0.289006128877917,0.360491243384889,0.443105280170102,-0.860962654156849
"GFP","crRNA345:609-635","crRNA345","Perfect Match",635,"CDS",0.381802111484467,0.173432888888889,0.760868541758569,0.460944794013885
"GFP","crRNA346:610-636","crRNA346","Perfect Match",636,"CDS",0.429830729977703,0.183302731832889,0.736831062527646,0.55559090104033
"GFP","crRNA347:612-638","crRNA347","Perfect Match",638,"CDS",-0.364687595038733,0.218894294072889,0.659765559057724,-1.01010198755624
"GFP","crRNA348:613-639","crRNA348","Perfect Match",639,"CDS",0.677119623314473,0.109051297336889,0.962369163437866,1.04290308697171
"GFP","crRNA349:614-640","crRNA349","Perfect Match",640,"CDS",-0.434075321648472,0.010787045184,1.96709750212198,-1.146838758362
"GFP","crRNA350:615-641","crRNA350","Perfect Match",641,"CDS",-0.274112964111654,0.0453693502008889,1.34323744083954,-0.831613901045645
"GFP","crRNA351:617-643","crRNA351","Perfect Match",643,"CDS",-0.279282555285223,0.232657638528,0.63328268430371,-0.841801195513952
"GFP","crRNA352:618-644","crRNA352","Perfect Match",644,"CDS",0.257912857802622,0.518984727744,0.28484542202456,0.216806279701847
"GFP","crRNA353:619-645","crRNA353","Perfect Match",645,"CDS",0.88108352767012,0.0879962901120001,1.05553563714358,1.44483822745248
"GFP","crRNA354:620-646","crRNA354","Perfect Match",646,"CDS",0.745579766116627,0.106121067576889,0.974198389669545,1.17781194352378
"GFP","crRNA355:621-647","crRNA355","Perfect Match",647,"CDS",0.906086328117796,0.284854972416,0.54537619511556,1.49410922048479
"GFP","crRNA356:623-649","crRNA356","Perfect Match",649,"CDS",0.561344882726521,0.297629938119111,0.526323385942075,0.814755186149006
"GFP","crRNA357:624-650","crRNA357","Perfect Match",650,"CDS",0.896275412993836,0.00958976364088889,2.01819209676288,1.47477564496292
"GFP","crRNA358:625-651","crRNA358","Perfect Match",651,"CDS",0.398169014170389,0.276546183623111,0.55823233047943,0.49319772303622
"GFP","crRNA359:626-652","crRNA359","Perfect Match",652,"CDS",0.0701459773232964,0.0832184391111112,1.0797804343228,-0.153210698162522
"GFP","crRNA360:628-654","crRNA360","Perfect Match",654,"CDS",0.864252242726533,0.00797598093511112,2.09821589278391,1.41167017794075
"GFP","crRNA361:629-655","crRNA361","Perfect Match",655,"CDS",0.405238028537469,0.314927764423111,0.501789049734325,0.507128056894404
"GFP","crRNA362:630-656","crRNA362","Perfect Match",656,"CDS",0.880493094946052,0.018325246656,1.7369501710869,1.44367470952198
"GFP","crRNA363:633-659","crRNA363","Perfect Match",659,"CDS",0.968694287204759,0.00342677549511111,2.46511434740212,1.61748565275269
"GFP","crRNA364:634-660","crRNA364","Perfect Match",660,"CDS",0.973873314283512,0.0165418888888889,1.78141490063696,1.62769154179482
"GFP","crRNA365:635-661","crRNA365","Perfect Match",661,"CDS",0.235359459732061,0.694898621326222,0.158078549956767,0.172362125475405
"GFP","crRNA366:636-662","crRNA366","Perfect Match",662,"CDS",0.656813227372372,0.0660443392568889,1.18016440037877,1.00288691778025
"GFP","crRNA367:637-663","crRNA367","Perfect Match",663,"CDS",0.699836926497334,0.025921093824,1.586346675961,1.08767023572282
"GFP","crRNA368:638-664","crRNA368","Perfect Match",664,"CDS",1.03189117822043,0.00504698515911112,2.29696797232707,1.74202264545529
"GFP","crRNA369:639-665","crRNA369","Perfect Match",665,"CDS",1.04442286937939,0.00400753760711111,2.39712239349429,1.76671783386301
"GFP","crRNA370:641-667","crRNA370","Perfect Match",667,"CDS",1.01775760946188,0.00551929997511111,2.2581160012971,1.71417076665149
"GFP","crRNA371:642-668","crRNA371","Perfect Match",668,"CDS",0.0459185849197154,0.543195995783111,0.26504344015559,-0.200953657388466
"GFP","crRNA372:645-671","crRNA372","Perfect Match",671,"CDS",1.04601281009328,0.0992754000782222,1.00315835406097,1.7698510012056
"GFP","crRNA373:646-672","crRNA373","Perfect Match",672,"CDS",0.576416205607453,0.114901050119111,0.939676002131112,0.844455021021826
"GFP","crRNA374:647-673","crRNA374","Perfect Match",673,"CDS",0.953387929331531,0.118220186510222,0.927308359821369,1.58732265346387
"GFP","crRNA375:648-674","crRNA375","Perfect Match",674,"CDS",0.77235999102303,0.0168433282631111,1.77357208721386,1.23058556292407
"GFP","crRNA376:649-675","crRNA376","Perfect Match",675,"CDS",0.60724969552851,0.159358540913778,0.797624655300873,0.9052160813775
"GFP","crRNA377:651-677","crRNA377","Perfect Match",677,"CDS",0.60097642065996,0.0605486797368889,1.21789532220276,0.892853846875613
"GFP","crRNA378:654-680","crRNA378","Perfect Match",680,"CDS",0.816440634971603,0.022727188032,1.64345429492754,1.31745171639336
"GFP","crRNA379:657-683","crRNA379","Perfect Match",683,"CDS",-0.204003615563918,0.00839216243911111,2.07612611850768,-0.693455088354877
"GFP","crRNA380:659-685","crRNA380","Perfect Match",685,"CDS",1.25930927576588,0.016016143488,1.79544204902013,2.19017706411858
"GFP","crRNA381:660-686","crRNA381","Perfect Match",686,"CDS",0.917418665584505,0.0367427697777778,1.43482810840406,1.51644093974681
"GFP","crRNA382:663-689","crRNA382","Perfect Match",689,"CDS",-0.154560067971214,0.351345777777778,0.454265261135814,-0.596020695194366
"GFP","crRNA383:665-691","crRNA383","Perfect Match",691,"CDS",-0.33361309621722,0.166642847758222,0.778213321342151,-0.948865990487779
"GFP","crRNA384:667-693","crRNA384","Perfect Match",693,"CDS",-0.362201183054093,0.120247704689778,0.919923204767666,-1.00520221691547
"GFP","crRNA385:668-694","crRNA385","Perfect Match",694,"CDS",-0.359749413797445,0.075771531648,1.12049393382024,-1.00037071389188
"GFP","crRNA386:669-695","crRNA386","Perfect Match",695,"CDS",0.170800056686908,0.307509696,0.512141186057965,0.0451401407115614
"GFP","crRNA387:670-696","crRNA387","Perfect Match",696,"CDS",-0.0785365781731802,0.472742006407111,0.325375805904673,-0.446207363525001
"GFP","crRNA388:672-698","crRNA388","Perfect Match",698,"CDS",-0.912313030382495,0.00119984000711111,2.92087666117009,-2.08926306255673
"GFP","crRNA389:673-699","crRNA389","Perfect Match",699,"CDS",-0.238389744924564,0.0275154465208889,1.56042343506127,-0.761217047407504
"GFP","crRNA390:674-700","crRNA390","Perfect Match",700,"CDS",-0.349435471494953,0.193675944,0.712924318552194,-0.980045863466215
"GFP","crRNA391:675-701","crRNA391","Perfect Match",701,"CDS",-0.235617284008758,0.131238365376,0.881939187556062,-0.755753583314716
"GFP","crRNA392:676-702","crRNA392","Perfect Match",702,"CDS",0.445288972755659,0.486981383111111,0.312487641180968,0.58605320760468
"GFP","crRNA393:678-704","crRNA393","Perfect Match",704,"CDS",-0.382677397762631,0.0785050844160001,1.10510221507251,-1.04555303419066
"GFP","crRNA394:680-706","crRNA394","Perfect Match",706,"CDS",-0.355955652780758,0.149964129777778,0.824012608294469,-0.99289465643941
"GFP","crRNA395:681-707","crRNA395","Perfect Match",707,"CDS",0.0654881263967132,0.741600577728,0.12982994053564,-0.162389547588988
"GFP","crRNA396:682-708","crRNA396","Perfect Match",708,"CDS",0.630858524274795,0.102021163064889,0.991309729718926,0.951740087322093
"GFP","crRNA397:684-710","crRNA397","Perfect Match",710,"CDS",0.316832249626487,0.218475491328,0.66059727529772,0.332913951324339
"GFP","crRNA398:685-711","crRNA398","Perfect Match",711,"CDS",-0.14489624539383,0.870466183665778,0.0602480959224301,-0.576976983036114
"GFP","crRNA399:686-712","crRNA399","Perfect Match",712,"CDS",0.0870814609405623,0.575301888888889,0.240104200052939,-0.119837312767102
"GFP","crRNA400:688-714","crRNA400","Perfect Match",714,"CDS",0.265561567693062,0.334548487111111,0.475540929738464,0.23187897255906
